<?xml version="1.0" encoding="UTF-8"?>
<presets xmlns="http://josm.openstreetmap.de/tagging-preset-1.0"
  author="Sowa1980, Alexander-II;"
  link="https://wiki.openstreetmap.org/wiki/RU:Key:operator"
  description="Company_Rekvizit"
  ru.description=" Служит для указания реквизитов фирм ОГРН, ИНН, КПП"
  shortdescription="Rekvizit"
  ru.shortdescription="Реквизиты компаний"
  version="0.5_2019-05.17">
                    
  <group name="Annotation">
    <item name="Реквизиты" type="node,closedway,multipolygon" preset_name_label="true" icon="Rekvizit.png">
      <space/>
      <text key="operator:ref:ogrn" text="ОГРН" match="key"/>
      <text key="operator:ref:inn" text="ИНН" match="key"/>
      <text key="operator:ref:kpp" text="КПП" match="key"/>
	  <link href="https://wiki.openstreetmap.org/wiki/RU:Key:operator"/>
    </item>
  </group>
</presets>